[{"Title":"Guilty as Sin","Year":"1993","Rated":"R","Released":"04 Jun 1993","Runtime":"107 min","Genre":["Crime","Drama","Thriller"],"Director":["Sidney Lumet"],"Writer":["Larry Cohen"],"Actors":["Rebecca De Mornay","Don Johnson","Stephen Lang","Jack Warden"],"Plot":"A female lawyer takes an accused wife-murderer as a client, but finds herself morally compelled to betray him one way or another.","Awards":"N/A","Poster":"https://m.media-amazon.com/images/M/MV5BM2EwMWVmODYtYjJmOC00ZDdiLWJmYzgtOGVhMzA2Mjc4ZjAwXkEyXkFqcGdeQXVyMTMxMTY0OTQ@._V1_SX300.jpg"},{"Title":"Keanu","Year":"2016","Rated":"R","Released":"29 Apr 2016","Runtime":"100 min","Genre":["Action","Comedy","Crime"],"Director":["Peter Atencio"],"Writer":["Jordan Peele","Alex Rubens"],"Actors":["Jordan Peele","Keegan-Michael Key","Tiffany Haddish","Method Man"],"Plot":"When the adorable kitten of an L.A. crime kingpin unexpectedly enters the life of two cousins, they will have to go through tough gangs, pitiless hit-men, and ruthless drug dealers who all claim him, to get him back. How hard can it be?","Awards":"4 wins & 5 nominations.","Poster":"https://m.media-amazon.com/images/M/MV5BMTUwODA0NzQxMl5BMl5BanBnXkFtZTgwNzUyMjY3ODE@._V1_SX300.jpg"},{"Title":"Heaven & Earth","Year":"1993","Rated":"R","Released":"07 Jan 1994","Runtime":"140 min","Genre":["Action","Biography","Drama","History","War"],"Director":["Oliver Stone"],"Writer":["Le Ly Hayslip","Jay Wurts","James Hayslip","Oliver Stone"],"Actors":["Haing S. Ngor","Bussaro Sanruck","Supak Pititam","Joan Chen"],"Plot":"During the Viet Nam War, a Viet Namese woman struggles hustling on the streets, where she comes face to face with those involved in the conflict around her.","Awards":"Won 1 Golden Globe. Another 2 nominations.","Poster":"https://m.media-amazon.com/images/M/MV5BYTkyMmNiMjItYzJlZi00NzI5LTg4NmEtMzFjODgxMjMxNzk2XkEyXkFqcGdeQXVyNjMwMjk0MTQ@._V1_SX300.jpg"},{"Title":"Voices from the List","Year":"2004","Rated":"N/A","Released":"14 Apr 2004","Runtime":"77 min","Genre":["Documentary","History"],"Director":["Michael Mayhew"],"Writer":["Lorna Graham"],"Actors":["Steven Spielberg","Leon Leyson","Leopold Rosner","Ludmila Page"],"Plot":"Documentary film produced for the 10th anniversary release of the film Schindler's List (1993) and the establishment of the \"Survivors of the Shoah Visual History Foundation\"","Awards":"1 nomination.","Poster":"https://m.media-amazon.com/images/M/MV5BNzg1NDYwZjUtZjVkMC00YmM3LTk2NjAtYWUxMGM0NjRjNDZhXkEyXkFqcGdeQXVyMTc1MDEwMzY@._V1_SX300.jpg"},{"Title":"Coyote Ugly","Year":"2000","Rated":"PG-13","Released":"04 Aug 2000","Runtime":"100 min","Genre":["Comedy","Drama","Music","Romance"],"Director":["David McNally"],"Writer":["Gina Wendkos"],"Actors":["Piper Perabo","Adam Garcia","John Goodman","Maria Bello"],"Plot":"Aspiring songwriter Violet Sanford, after getting a job at a women-run NYC bar that teases its male patrons, comes out of her shell.","Awards":"4 wins & 8 nominations.","Poster":"https://m.media-amazon.com/images/M/MV5BZWZhZmFkMjQtMWYyMC00NmQ3LTk5M2MtZDU3ZjNjYmM0ZTYxXkEyXkFqcGdeQXVyNjE5MjUyOTM@._V1_SX300.jpg"},{"Title":"Thesis","Year":"1996","Rated":"R","Released":"12 Apr 1996","Runtime":"125 min","Genre":["Horror","Mystery","Thriller"],"Director":["Alejandro Amenábar"],"Writer":["Alejandro Amenábar","Mateo Gil"],"Actors":["Ana Torrent","Fele Martínez","Eduardo Noriega","Xabier Elorriaga"],"Plot":"While doing a thesis about violence, Ángela finds a snuff video where a girl is tortured until death. Soon she discovers that the girl was a former student in her faculty...","Awards":"15 wins & 6 nominations.","Poster":"https://m.media-amazon.com/images/M/MV5BYTNjOGMzOTgtYWVmMi00ZWYzLWI4ZDItZjRhMjU3MzBhY2UwXkEyXkFqcGdeQXVyMTA0MjU0Ng@@._V1_SX300.jpg"},{"Title":"Black Narcissus","Year":"1947","Rated":"Not Rated","Released":"01 Dec 1947","Runtime":"101 min","Genre":["Drama"],"Director":["Michael Powell","Emeric Pressburger"],"Writer":["Rumer Godden","Michael Powell","Emeric Pressburger"],"Actors":["Deborah Kerr","Flora Robson","Jenny Laird","Judith Furse"],"Plot":"After opening a convent in the Himalayas, five nuns encounter conflict and tension - both with the natives and also within their own group - as they attempt to adapt to their remote, exotic surroundings.","Awards":"Won 2 Oscars. Another 3 wins & 1 nomination.","Poster":"https://m.media-amazon.com/images/M/MV5BMTg3MDQxMzg2OF5BMl5BanBnXkFtZTgwNDY5NTY3MzE@._V1_SX300.jpg"},{"Title":"The Grapes of Wrath","Year":"1940","Rated":"Passed","Released":"15 Mar 1940","Runtime":"129 min","Genre":["Drama","History"],"Director":["John Ford"],"Writer":["Nunnally Johnson","John Steinbeck"],"Actors":["Henry Fonda","Jane Darwell","John Carradine","Charley Grapewin"],"Plot":"A poor Midwest family is forced off their land. They travel to California, suffering the misfortunes of the homeless in the Great Depression.","Awards":"Won 2 Oscars. Another 8 wins & 5 nominations.","Poster":"https://m.media-amazon.com/images/M/MV5BNzJiOGI2MjctYjUyMS00ZjkzLWE2ZmUtOTg4NTZkOTNhZDc1L2ltYWdlXkEyXkFqcGdeQXVyNjc1NTYyMjg@._V1_SX300.jpg"},{"Title":"'Til There Was You","Year":"1997","Rated":"PG-13","Released":"30 May 1997","Runtime":"113 min","Genre":["Romance","Comedy"],"Director":["Scott Winant"],"Writer":["Winnie Holzman"],"Actors":["John Plumpis","Janel Moloney","Yvonne Zima","Christine Ebersole"],"Plot":"Two strangers, whose paths are always crossing, finally meet when fate steps in.","Awards":"1 nomination.","Poster":"https://m.media-amazon.com/images/M/MV5BMGRiMWZjNGMtMzE4MC00NzExLTkyMjQtYTNmYTYyOTM4ODQ4XkEyXkFqcGdeQXVyMTMxMTY0OTQ@._V1_SX300.jpg"},{"Title":"Choose Me","Year":"1984","Rated":"R","Released":"29 Aug 1984","Runtime":"106 min","Genre":["Comedy","Drama","Romance"],"Director":["Alan Rudolph"],"Writer":["Alan Rudolph"],"Actors":["Geneviève Bujold","Keith Carradine","Lesley Ann Warren","Patrick Bauchau"],"Plot":"Several lost-soul night-owls, including a nightclub owner, a talkback radio relationships counseller, and an itinerant stranger have encounters that expose their contradictions and ...","Awards":"2 wins & 1 nomination.","Poster":"https://m.media-amazon.com/images/M/MV5BODU1ODExZmItZTRlYi00NGUwLTk1ZTUtODIzM2Q0M2RlZWNjXkEyXkFqcGdeQXVyNTY1ODAwOTY@._V1_SX300.jpg"},{"Title":"Operation Dumbo Drop","Year":"1995","Rated":"PG","Released":"28 Jul 1995","Runtime":"107 min","Genre":["Action","Adventure","Comedy","Drama","Family","War"],"Director":["Simon Wincer"],"Writer":["James Morris","Gene Quintano","Jim Kouf"],"Actors":["Danny Glover","Ray Liotta","Denis Leary","Doug E. Doug"],"Plot":"To keep the loyalty of a village during the Vietnam war, a U.S. Army officer and his unit struggle to deliver it a live elephant.","Awards":"N/A","Poster":"https://m.media-amazon.com/images/M/MV5BZjlhY2JiNTEtYzcyZi00YmVjLThiZGEtODg2Nzk5NTc5OGM0XkEyXkFqcGdeQXVyNDYzNTI2ODc@._V1_SX300.jpg"},{"Title":"House of Games","Year":"1987","Rated":"R","Released":"14 Oct 1987","Runtime":"102 min","Genre":["Crime","Thriller"],"Director":["David Mamet"],"Writer":["David Mamet","Jonathan Katz"],"Actors":["Lindsay Crouse","Joe Mantegna","Mike Nussbaum","Lilia Skala"],"Plot":"A psychiatrist comes to the aid of a compulsive gambler and is led by a smooth-talking grifter into the shadowy but compelling world of stings, scams, and con men.","Awards":"Nominated for 1 Golden Globe. Another 6 wins & 3 nominations.","Poster":"https://m.media-amazon.com/images/M/MV5BZTNkYmIwYjAtMDcyNy00MGYwLWJkYTAtODAyNDJjZTdmNGYxXkEyXkFqcGdeQXVyNDk3NzU2MTQ@._V1_SX300.jpg"},{"Title":"Lilya 4-Ever","Year":"2002","Rated":"R","Released":"23 Aug 2002","Runtime":"109 min","Genre":["Crime","Drama"],"Director":["Lukas Moodysson"],"Writer":["Lukas Moodysson"],"Actors":["Oksana Akinshina","Artyom Bogucharskiy","Lyubov Agapova","Liliya Shinkaryova"],"Plot":"Sixteen-year-old Lilja and her only friend, the young boy Volodja, live in Russia, fantasizing about a better life. One day, Lilja falls in love with Andrej, who is going to Sweden, and invites Lilja to come along and start a new life.","Awards":"12 wins & 11 nominations.","Poster":"https://m.media-amazon.com/images/M/MV5BMTQ1ODM1Nzc1OF5BMl5BanBnXkFtZTcwMDI3MDg4NA@@._V1_SX300.jpg"},{"Title":"Oculus","Year":"2013","Rated":"R","Released":"11 Apr 2014","Runtime":"104 min","Genre":["Horror","Mystery"],"Director":["Mike Flanagan"],"Writer":["Mike Flanagan","Jeff Howard","Jeff Seidman"],"Actors":["Karen Gillan","Brenton Thwaites","Katee Sackhoff","Rory Cochrane"],"Plot":"A woman tries to exonerate her brother, who was convicted of murder, by proving that the crime was committed by a supernatural phenomenon.","Awards":"3 wins & 17 nominations.","Poster":"https://m.media-amazon.com/images/M/MV5BMzE1NzM4MjEyNV5BMl5BanBnXkFtZTgwMjYzMjMzMTE@._V1_SX300.jpg"},{"Title":"True Colors","Year":"1991","Rated":"R","Released":"15 Mar 1991","Runtime":"111 min","Genre":["Drama"],"Director":["Herbert Ross"],"Writer":["Kevin Wade"],"Actors":["John Cusack","James Spader","Imogen Stubbs","Mandy Patinkin"],"Plot":"Best friends from law school to election night, their friendship is sorely tested when one learns of another's betrayal.","Awards":"N/A","Poster":"https://m.media-amazon.com/images/M/MV5BY2I0NjRmZTEtNTFlYS00MWJkLWJiMmMtMTE1OTliOTI3N2RhXkEyXkFqcGdeQXVyMTQxNzMzNDI@._V1_SX300.jpg"},{"Title":"The White Sheik","Year":"1952","Rated":"Not Rated","Released":"25 Apr 1956","Runtime":"83 min","Genre":["Comedy","Drama"],"Director":["Federico Fellini"],"Writer":["Michelangelo Antonioni","Federico Fellini","Tullio Pinelli","Ennio Flaiano"],"Actors":["Alberto Sordi","Brunella Bovo","Leopoldo Trieste","Giulietta Masina"],"Plot":"During a day in their honeymoon, a couple is separated by the city's lust and the desires it produces.","Awards":"1 nomination.","Poster":"https://m.media-amazon.com/images/M/MV5BMzNhYzQzNTctZWFmMy00MWQ3LTg4YmUtMjU2NjY4NTNmZjM4XkEyXkFqcGdeQXVyNTA1NjYyMDk@._V1_SX300.jpg"},{"Title":"Gomorrah","Year":"2008","Rated":"Not Rated","Released":"10 Apr 2009","Runtime":"137 min","Genre":["Crime","Drama"],"Director":["Matteo Garrone"],"Writer":["Roberto Saviano","Maurizio Braucci","Ugo Chiti","Gianni Di Gregorio","Matteo Garrone","Massimo Gaudioso"],"Actors":["Salvatore Abbruzzese","Simone Sacchettino","Salvatore Ruocco","Vincenzo Fabricino"],"Plot":"Scampia Vele is the corbusian architecture which has become a stronghold for Mafia of Naples, Italy.","Awards":"Nominated for 1 Golden Globe. Another 34 wins & 39 nominations.","Poster":"https://m.media-amazon.com/images/M/MV5BMTM2NDgzMDY4MF5BMl5BanBnXkFtZTcwMzUwMzg5MQ@@._V1_SX300.jpg"},{"Title":"The Thing from Another World","Year":"1951","Rated":"Not Rated","Released":"07 Apr 1951","Runtime":"87 min","Genre":["Horror","Sci-Fi"],"Director":["Christian Nyby","Howard Hawks"],"Writer":["Charles Lederer","John W. Campbell Jr."],"Actors":["Margaret Sheridan","Kenneth Tobey","Robert Cornthwaite","Douglas Spencer"],"Plot":"Scientists and American Air Force officials fend off a bloodthirsty alien organism while at a remote arctic outpost.","Awards":"1 win.","Poster":"https://m.media-amazon.com/images/M/MV5BODA5MjE1MTY2Ml5BMl5BanBnXkFtZTgwNzU5MjQxMDE@._V1_SX300.jpg"},{"Title":"This Is My Father","Year":"1998","Rated":"R","Released":"07 May 1999","Runtime":"119 min","Genre":["Romance","Drama"],"Director":["Paul Quinn"],"Writer":["Paul Quinn"],"Actors":["James Caan","Jacob Tierney","Colm Meaney","Moira Deady"],"Plot":"Widowed Kieran Johnson is a lonely, middle-aged, Chicago-based high school history teacher who feels disconnected to his life. He decides to take a trip to his mother's small old hometown ...","Awards":"2 wins & 1 nomination.","Poster":"https://m.media-amazon.com/images/M/MV5BNzEyNjQ3MDY0NV5BMl5BanBnXkFtZTcwODgxMDIyMQ@@._V1_SX300.jpg"},{"Title":"Magic Mike","Year":"2012","Rated":"R","Released":"29 Jun 2012","Runtime":"110 min","Genre":["Comedy","Drama"],"Director":["Steven Soderbergh"],"Writer":["Reid Carolin"],"Actors":["Matthew McConaughey","Channing Tatum","Olivia Munn","Alex Pettyfer"],"Plot":"A male stripper teaches a younger performer how to party, pick up women, and make easy money.","Awards":"9 wins & 14 nominations.","Poster":"https://m.media-amazon.com/images/M/MV5BMTQzMDMzOTA5M15BMl5BanBnXkFtZTcwMjc4MTg4Nw@@._V1_SX300.jpg"},{"Title":"The Godfather: Part II","Year":"1974","Rated":"R","Released":"18 Dec 1974","Runtime":"202 min","Genre":["Crime","Drama"],"Director":["Francis Ford Coppola"],"Writer":["Francis Ford Coppola","Mario Puzo"],"Actors":["Al Pacino","Robert Duvall","Diane Keaton","Robert De Niro"],"Plot":"The early life and career of Vito Corleone in 1920s New York City is portrayed, while his son, Michael, expands and tightens his grip on the family crime syndicate.","Awards":"Won 6 Oscars. Another 11 wins & 20 nominations.","Poster":"https://m.media-amazon.com/images/M/MV5BMWMwMGQzZTItY2JlNC00OWZiLWIyMDctNDk2ZDQ2YjRjMWQ0XkEyXkFqcGdeQXVyNzkwMjQ5NzM@._V1_SX300.jpg"},{"Title":"Who's Afraid of Virginia Woolf?","Year":"1966","Rated":"Not Rated","Released":"22 Jun 1966","Runtime":"131 min","Genre":["Drama"],"Director":["Mike Nichols"],"Writer":["Ernest Lehman"],"Actors":["Elizabeth Taylor","Richard Burton","George Segal","Sandy Dennis"],"Plot":"A bitter, aging couple, with the help of alcohol, use their young houseguests to fuel anguish and emotional pain towards each other over the course of a distressing night.","Awards":"Won 5 Oscars. Another 17 wins & 26 nominations.","Poster":"https://m.media-amazon.com/images/M/MV5BMjQ5ODI1MjQtMDc0Zi00OGQ1LWE2NTYtMTg1YTkxM2E5NzFkXkEyXkFqcGdeQXVyNTA4NzY1MzY@._V1_SX300.jpg"},{"Title":"The Incredible Mr. Limpet","Year":"1964","Rated":"G","Released":"28 Mar 1964","Runtime":"99 min","Genre":["Animation","Comedy","Family","War","Fantasy"],"Director":["Arthur Lubin","Gerry Chiniquy","Robert McKimson","Hawley Pratt","Bill Tytla"],"Writer":["Jameson Brewer","John C. Rose","Joe DiMona","Theodore Pratt"],"Actors":["Don Knotts","Carole Cook","Jack Weston","Andrew Duggan"],"Plot":"Meek and mild mannered bookkeeper Henry Limpet has few passions in life. It's mid-1941 and he would love to join the Navy but has been rated 4F. His friend George Stickle is in the Navy and...","Awards":"1 win.","Poster":"https://m.media-amazon.com/images/M/MV5BMWRkMGFkMWItMDlkNS00MjFkLTkwYzctNWI3MzY1MjE0ZWIwXkEyXkFqcGdeQXVyNzE2NDk3NTY@._V1_SX300.jpg"},{"Title":"Stroszek","Year":"1977","Rated":"Not Rated","Released":"12 Jul 1977","Runtime":"115 min","Genre":["Comedy","Drama"],"Director":["Werner Herzog"],"Writer":["Werner Herzog"],"Actors":["Bruno S.","Eva Mattes","Clemens Scheitz","Wilhelm von Homburg"],"Plot":"In Berlin, an alcoholic man, recently released from prison, joins his elderly friend and a prostitute in a determined dream to leave Germany and seek a better life in Wisconsin.","Awards":"2 wins & 2 nominations.","Poster":"https://m.media-amazon.com/images/M/MV5BMTEyMjAwNjcyMTheQTJeQWpwZ15BbWU4MDI2OTgwOTIx._V1_SX300.jpg"},{"Title":"Woman on Top","Year":"2000","Rated":"R","Released":"22 Sep 2000","Runtime":"92 min","Genre":["Comedy","Fantasy","Romance"],"Director":["Fina Torres"],"Writer":["Vera Blasi"],"Actors":["Penélope Cruz","Murilo Benício","Harold Perrineau","Mark Feuerstein"],"Plot":"Brazilian chef Isabella Oliveira moves to San Francisco when her husband, frustrated by her motion sickness, cheats on her.","Awards":"3 nominations.","Poster":"https://m.media-amazon.com/images/M/MV5BODc2NDA5YTQtY2ViZi00OTk4LTlmMTgtYjM2YjljOTY5ZmYwXkEyXkFqcGdeQXVyNDE5MTU2MDE@._V1_SX300.jpg"},{"Title":"Win Win","Year":"2011","Rated":"R","Released":"15 Apr 2011","Runtime":"106 min","Genre":["Comedy","Drama","Sport"],"Director":["Tom McCarthy"],"Writer":["Tom McCarthy","Joe Tiboni"],"Actors":["Paul Giamatti","Amy Ryan","Bobby Cannavale","Jeffrey Tambor"],"Plot":"A struggling lawyer and volunteer wrestling coach's chicanery comes back to haunt him when the teenage grandson of the client he has double-crossed comes into his life.","Awards":"5 wins & 22 nominations.","Poster":"https://m.media-amazon.com/images/M/MV5BMTczNTgzNjY4OF5BMl5BanBnXkFtZTcwMTcwMjI0NA@@._V1_SX300.jpg"},{"Title":"Man of the Year","Year":"2006","Rated":"PG-13","Released":"13 Oct 2006","Runtime":"115 min","Genre":["Comedy","Drama","Romance","Thriller"],"Director":["Barry Levinson"],"Writer":["Barry Levinson"],"Actors":["Robin Williams","Christopher Walken","Laura Linney","Lewis Black"],"Plot":"A comedian who hosts a news satire program decides to run for president, and a computerized voting machine malfunction gets him elected.","Awards":"1 nomination.","Poster":"https://m.media-amazon.com/images/M/MV5BMTM0NzQxMjk0OV5BMl5BanBnXkFtZTcwMDUyNDgzMQ@@._V1_SX300.jpg"},{"Title":"The Kid","Year":"1921","Rated":"Passed","Released":"06 Feb 1921","Runtime":"68 min","Genre":["Comedy","Drama","Family"],"Director":["Charles Chaplin"],"Writer":["Charles Chaplin"],"Actors":["Carl Miller","Edna Purviance","Jackie Coogan","Charles Chaplin"],"Plot":"The Tramp cares for an abandoned child, but events put that relationship in jeopardy.","Awards":"2 wins.","Poster":"https://m.media-amazon.com/images/M/MV5BZjhhMThhNDItNTY2MC00MmU1LTliNDEtNDdhZjdlNTY5ZDQ1XkEyXkFqcGdeQXVyNjc1NTYyMjg@._V1_SX300.jpg"},{"Title":"Indiana Jones and the Last Crusade","Year":"1989","Rated":"PG-13","Released":"24 May 1989","Runtime":"127 min","Genre":["Action","Adventure"],"Director":["Steven Spielberg"],"Writer":["Jeffrey Boam","George Lucas","Menno Meyjes","Philip Kaufman"],"Actors":["Harrison Ford","Sean Connery","Denholm Elliott","Alison Doody"],"Plot":"In 1938, after his father Professor Henry Jones, Sr. goes missing while pursuing the Holy Grail, Professor Henry \"Indiana\" Jones, Jr. finds himself up against Adolf Hitler's Nazis again to stop them from obtaining its powers.","Awards":"Won 1 Oscar. Another 7 wins & 22 nominations.","Poster":"https://m.media-amazon.com/images/M/MV5BMjNkMzc2N2QtNjVlNS00ZTk5LTg0MTgtODY2MDAwNTMwZjBjXkEyXkFqcGdeQXVyNDk3NzU2MTQ@._V1_SX300.jpg"},{"Title":"Hard Core Logo","Year":"1996","Rated":"R","Released":"11 Oct 1996","Runtime":"92 min","Genre":["Comedy","Drama","Music"],"Director":["Bruce McDonald"],"Writer":["Noel S. Baker","Michael Turner"],"Actors":["Hugh Dillon","Callum Keith Rennie","John Pyper-Ferguson","Bernie Coulson"],"Plot":"A group of washed-up Canadian punk rockers get back together for a road trip in memory of a dear friend who was supposedly shot, or so rumors imply. As they travel, they ignore the underlying psychological darkness within each other.","Awards":"4 wins & 6 nominations.","Poster":"https://m.media-amazon.com/images/M/MV5BMmFiNDFmNjktZTllNS00Yjc1LTgxNDQtNjY3ODk1NzM3ZDY3L2ltYWdlXkEyXkFqcGdeQXVyNzM0MDQ1Mw@@._V1_SX300.jpg"},{"Title":"C.S.A.: The Confederate States of America","Year":"2004","Rated":"PG-13","Released":"24 Jun 2005","Runtime":"89 min","Genre":["Comedy","Drama","War"],"Director":["Kevin Willmott"],"Writer":["Kevin Willmott"],"Actors":["Greg Kirsch","Renee Patrick","Molly Graham","William Willmott"],"Plot":"Through the eyes of a British \"documentary\", this film takes a satirically humorous, and sometimes frightening, look at the history of an America where the South won the Civil War.","Awards":"1 win & 2 nominations.","Poster":"https://m.media-amazon.com/images/M/MV5BMTA3ODA1MTg5MDheQTJeQWpwZ15BbWU3MDA3MTgwMzE@._V1_SX300.jpg"},{"Title":"Son of Rambow","Year":"2007","Rated":"PG-13","Released":"23 May 2008","Runtime":"96 min","Genre":["Action","Adventure","Comedy","Drama","Family"],"Director":["Garth Jennings"],"Writer":["Garth Jennings"],"Actors":["Neil Dudgeon","Bill Milner","Jessica Hynes","Anna Wing"],"Plot":"During a long English summer in the early 1980s, two schoolboys from differing backgrounds set out to make a film inspired by First Blood (1982).","Awards":"3 wins & 10 nominations.","Poster":"https://m.media-amazon.com/images/M/MV5BMTM1MjM0ODc5N15BMl5BanBnXkFtZTcwMjMxMDg1MQ@@._V1_SX300.jpg"},{"Title":"Eat Sleep Die","Year":"2012","Rated":"N/A","Released":"05 Oct 2012","Runtime":"104 min","Genre":["Drama"],"Director":["Gabriela Pichler"],"Writer":["Gabriela Pichler"],"Actors":["Nermina Lukac","Milan Dragisic","Jonathan Lampinen","Peter Fält"],"Plot":"A young Eastern European immigrant, working in Sweden, is faced with a painful choice when she's laid off from her factory in the name of efficiencies.","Awards":"13 wins & 11 nominations.","Poster":"https://m.media-amazon.com/images/M/MV5BNWRiZDU3NTgtMjJmMC00MTIwLThmMjgtNGUyNzZlZWFkOTJhXkEyXkFqcGdeQXVyMjY0NjEwMDM@._V1_SX300.jpg"},{"Title":"Incendies","Year":"2010","Rated":"R","Released":"12 Jan 2011","Runtime":"131 min","Genre":["Drama","Mystery","War"],"Director":["Denis Villeneuve"],"Writer":["Denis Villeneuve","Wajdi Mouawad","Valérie Beaugrand-Champagne"],"Actors":["Mustafa Kamel","Hussein Sami","Rémy Girard","Mélissa Désormeaux-Poulin"],"Plot":"Twins journey to the Middle East to discover their family history and fulfill their mother's last wishes.","Awards":"Nominated for 1 Oscar. Another 39 wins & 15 nominations.","Poster":"https://m.media-amazon.com/images/M/MV5BMWE3MGYzZjktY2Q5Mi00Y2NiLWIyYWUtMmIyNzA3YmZlMGFhXkEyXkFqcGdeQXVyMTMxODk2OTU@._V1_SX300.jpg"},{"Title":"One Man Band","Year":"2005","Rated":"G","Released":"06 Jun 2006","Runtime":"4 min","Genre":["Animation","Short","Comedy","Family","Music"],"Director":["Mark Andrews","Andrew Jimenez"],"Writer":["Andrew Jimenez","Mark Andrews"],"Actors":["N/A"],"Plot":"Two buskers engage in a petty feud over a child's donation.","Awards":"N/A","Poster":"https://m.media-amazon.com/images/M/MV5BNDZmZDczYmYtYzc1Ni00OTljLWE4ZDUtOWNkODBlY2I5M2QwXkEyXkFqcGdeQXVyNTE1NjY5Mg@@._V1_SX300.jpg"},{"Title":"Serenity","Year":"2005","Rated":"PG-13","Released":"30 Sep 2005","Runtime":"119 min","Genre":["Action","Adventure","Sci-Fi","Thriller"],"Director":["Joss Whedon"],"Writer":["Joss Whedon"],"Actors":["Nathan Fillion","Gina Torres","Alan Tudyk","Morena Baccarin"],"Plot":"The crew of the ship Serenity try to evade an assassin sent to recapture one of their members who is telepathic.","Awards":"9 wins & 9 nominations.","Poster":"https://m.media-amazon.com/images/M/MV5BOWE2MDAwZjEtODEyOS00ZjYyLTgzNDUtYmNiY2VmNWRiMTQxXkEyXkFqcGdeQXVyNTIzOTk5ODM@._V1_SX300.jpg"},{"Title":"Triumph of the Will","Year":"1935","Rated":"Not Rated","Released":"28 Mar 1935","Runtime":"110 min","Genre":["Documentary","History","War"],"Director":["Leni Riefenstahl"],"Writer":["Leni Riefenstahl","Walter Ruttmann","Eberhard Taubert"],"Actors":["Adolf Hitler","Max Amann","Martin Bormann","Walter Buch"],"Plot":"The infamous propaganda film of the 1934 Nazi Party rally in Nuremberg, Germany.","Awards":"1 win & 1 nomination.","Poster":"https://m.media-amazon.com/images/M/MV5BZTIzNGE3MTYtYjIyNy00MTM2LTg3MDItOWNjYWNkNDNlMjM1XkEyXkFqcGdeQXVyNDI3NzQxODA@._V1_SX300.jpg"},{"Title":"Turistas","Year":"2006","Rated":"R","Released":"01 Dec 2006","Runtime":"93 min","Genre":["Horror","Mystery","Thriller"],"Director":["John Stockwell"],"Writer":["Michael Arlen Ross"],"Actors":["Josh Duhamel","Melissa George","Olivia Wilde","Desmond Askew"],"Plot":"A group of young backpackers' vacation turns sour when a bus accident leaves them marooned in a remote Brazilian rural area that holds an ominous secret.","Awards":"1 win & 1 nomination.","Poster":"https://m.media-amazon.com/images/M/MV5BMTAwNjAwOTAyMDdeQTJeQWpwZ15BbWU2MDIyMTU1Nw@@._V1_SX300.jpg"},{"Title":"The Front Page","Year":"1974","Rated":"PG","Released":"20 Dec 1974","Runtime":"105 min","Genre":["Comedy","Drama","Romance"],"Director":["Billy Wilder"],"Writer":["Ben Hecht","Charles MacArthur","Billy Wilder","I.A.L. Diamond"],"Actors":["Jack Lemmon","Walter Matthau","Susan Sarandon","Vincent Gardenia"],"Plot":"As a tabloid newspaper editor tries to prevent his top reporter from retiring, an escaped death row convict shows up at the office trying to convey his innocence.","Awards":"Nominated for 3 Golden Globes. Another 2 wins & 1 nomination.","Poster":"https://m.media-amazon.com/images/M/MV5BNzFiMTFkYzItODM4Zi00ZGM0LThhOGItYTBhYjNhMmY2ZmZmL2ltYWdlL2ltYWdlXkEyXkFqcGdeQXVyNjc1NTYyMjg@._V1_SX300.jpg"},{"Title":"Evil Under the Sun","Year":"1982","Rated":"PG","Released":"05 Mar 1982","Runtime":"117 min","Genre":["Crime","Drama","Mystery"],"Director":["Guy Hamilton"],"Writer":["Anthony Shaffer"],"Actors":["Peter Ustinov","Colin Blakely","Jane Birkin","Nicholas Clay"],"Plot":"Trying to find how a millionaire wound up with a phony diamond brings Hercule Poirot (Sir Peter Ustinov) to an exclusive island resort frequented by the rich and famous. When a murder is committed, everyone has an alibi.","Awards":"1 nomination.","Poster":"https://m.media-amazon.com/images/M/MV5BZjFkOTY5ZTktZWE1Ny00NTRhLWE1ZGEtZjdhZTFkOTZkOWU1XkEyXkFqcGdeQXVyNjUwOTM1OTY@._V1_SX300.jpg"},{"Title":"TPB AFK: The Pirate Bay Away from Keyboard","Year":"2013","Rated":"Not Rated","Released":"08 Feb 2013","Runtime":"85 min","Genre":["Documentary"],"Director":["Simon Klose"],"Writer":["N/A"],"Actors":["Gottfrid Svartholm","Peter Sunde","Fredrik Neij","Peter Althin"],"Plot":"An intellectual freedoms documentary based around the interpersonal triumphs, and defeats of the three main characters against the largest industry in the known universe. The media industry.","Awards":"N/A","Poster":"https://m.media-amazon.com/images/M/MV5BMjU4MzY4ODg0MV5BMl5BanBnXkFtZTcwNTE2MjY5OA@@._V1_SX300.jpg"},{"Title":"The First Day of the Rest of Your Life","Year":"2008","Rated":"N/A","Released":"23 Jul 2008","Runtime":"114 min","Genre":["Drama"],"Director":["Rémi Bezançon"],"Writer":["Rémi Bezançon"],"Actors":["Jacques Gamblin","Zabou Breitman","Déborah François","Marc-André Grondin"],"Plot":"Five key days in a family's life.","Awards":"4 wins & 8 nominations.","Poster":"https://m.media-amazon.com/images/M/MV5BYjc3MzI4OTMtMWZjMS00YTkyLThmMDAtMTJhYzViMDk4MmI5XkEyXkFqcGdeQXVyNjcyNjE2OTk@._V1_SX300.jpg"},{"Title":"The English Teacher","Year":"2013","Rated":"R","Released":"01 Aug 2013","Runtime":"93 min","Genre":["Comedy","Drama"],"Director":["Craig Zisk"],"Writer":["Dan Chariton","Stacy Chariton"],"Actors":["Julianne Moore","Michael Angarano","Greg Kinnear","Lily Collins"],"Plot":"An English teacher's life is disrupted when a former student returns to her small town after failing as a playwright in New York.","Awards":"N/A","Poster":"https://m.media-amazon.com/images/M/MV5BMTU2MjIwNDA5MF5BMl5BanBnXkFtZTcwMjU2NzEzOQ@@._V1_SX300.jpg"},{"Title":"Nightcrawler","Year":"2014","Rated":"R","Released":"31 Oct 2014","Runtime":"117 min","Genre":["Crime","Drama","Thriller"],"Director":["Dan Gilroy"],"Writer":["Dan Gilroy"],"Actors":["Jake Gyllenhaal","Michael Papajohn","Marco Rodríguez","Bill Paxton"],"Plot":"When Louis Bloom, a con man desperate for work, muscles into the world of L.A. crime journalism, he blurs the line between observer and participant to become the star of his own story.","Awards":"Nominated for 1 Oscar. Another 42 wins & 122 nominations.","Poster":"https://m.media-amazon.com/images/M/MV5BN2U1YzdhYWMtZWUzMi00OWI1LWFkM2ItNWVjM2YxMGQ2MmNhXkEyXkFqcGdeQXVyNjU0OTQ0OTY@._V1_SX300.jpg"},{"Title":"The Great Beauty","Year":"2013","Rated":"Not Rated","Released":"14 Mar 2014","Runtime":"141 min","Genre":["Drama"],"Director":["Paolo Sorrentino"],"Writer":["Paolo Sorrentino","Umberto Contarello"],"Actors":["Toni Servillo","Carlo Verdone","Sabrina Ferilli","Carlo Buccirosso"],"Plot":"Jep Gambardella has seduced his way through the lavish nightlife of Rome for decades, but after his 65th birthday and a shock from the past, Jep looks past the nightclubs and parties to find a timeless landscape of absurd, exquisite beauty.","Awards":"Won 1 Oscar. Another 58 wins & 76 nominations.","Poster":"https://m.media-amazon.com/images/M/MV5BNjg5NmI3NmUtZDQ2Mi00ZTI0LWE0YzAtOGRhOWJmNDJkOWNkXkEyXkFqcGdeQXVyMzIzNDU1NTY@._V1_SX300.jpg"},{"Title":"The New Legend of Shaolin","Year":"1994","Rated":"R","Released":"03 Mar 1994","Runtime":"95 min","Genre":["Action","Adventure","Comedy","Drama","History","Romance"],"Director":["Jing Wong","Corey Yuen"],"Writer":["Domonic Muir","Jing Wong"],"Actors":["Jet Li","Chingmy Yau","Deannie Ip","Miu Tse"],"Plot":"It takes a father and son team to battle the forces of evil throughout China, fighting with honor to defend the weak through fast-motion kung fu.","Awards":"2 nominations.","Poster":"https://m.media-amazon.com/images/M/MV5BMTQ2Mzc2MTE2MV5BMl5BanBnXkFtZTgwODE2NTkwMzE@._V1_SX300.jpg"},{"Title":"Reversal of Fortune","Year":"1990","Rated":"R","Released":"09 Nov 1990","Runtime":"111 min","Genre":["Biography","Drama","Mystery"],"Director":["Barbet Schroeder"],"Writer":["Alan M. Dershowitz","Nicholas Kazan"],"Actors":["Glenn Close","Jeremy Irons","Ron Silver","Annabella Sciorra"],"Plot":"Wealthy Sunny von Bülow lies brain-dead, husband Claus guilty of attempted murder; but he says he's innocent and hires Alan Dershowitz for his appeal.","Awards":"Won 1 Oscar. Another 12 wins & 16 nominations.","Poster":"https://m.media-amazon.com/images/M/MV5BMTQ3MTY0NDM3OV5BMl5BanBnXkFtZTgwMDY1NTk4NjE@._V1_SX300.jpg"},{"Title":"Dr. Dolittle 2","Year":"2001","Rated":"PG","Released":"22 Jun 2001","Runtime":"87 min","Genre":["Comedy","Family","Fantasy"],"Director":["Steve Carr"],"Writer":["Hugh Lofting","Larry Levin"],"Actors":["Eddie Murphy","Kristen Wilson","Raven-Symoné","Kyla Pratt"],"Plot":"Dolittle must save a forest and a bear's life.","Awards":"3 wins & 6 nominations.","Poster":"https://m.media-amazon.com/images/M/MV5BYTZhMWZkYjgtNjE5MS00OWY4LWFmMWQtMDc4M2RlMjg4Y2NhXkEyXkFqcGdeQXVyNTUyMzE4Mzg@._V1_SX300.jpg"},{"Title":"The Assignment","Year":"1997","Rated":"R","Released":"26 Sep 1997","Runtime":"115 min","Genre":["Action","Crime","Thriller"],"Director":["Christian Duguay"],"Writer":["Dan Gordon","Sabi H. Shabtai"],"Actors":["Aidan Quinn","Donald Sutherland","Ben Kingsley","Claudia Ferri"],"Plot":"An American naval officer is recruited for an operation to eliminate his lookalike, the infamous terrorist Carlos The Jackal.","Awards":"N/A","Poster":"https://m.media-amazon.com/images/M/MV5BY2Y4Mzc2ZjgtOTdmOC00MTY3LWJkMDUtY2VjNmEzZTU4MjFhXkEyXkFqcGdeQXVyNjMwMjk0MTQ@._V1_SX300.jpg"},{"Title":"Saturday Night and Sunday Morning","Year":"1960","Rated":"Approved","Released":"03 Apr 1961","Runtime":"89 min","Genre":["Drama","Romance"],"Director":["Karel Reisz"],"Writer":["Alan Sillitoe"],"Actors":["Albert Finney","Shirley Anne Field","Rachel Roberts","Hylda Baker"],"Plot":"A rebellious, hard-living factory worker juggles relationships with two women, one of whom is married to another man but pregnant with his child.","Awards":"Won 3 BAFTA Film Awards. Another 7 wins & 3 nominations.","Poster":"https://m.media-amazon.com/images/M/MV5BODc1MGE3ZWUtOTEzYi00NzIxLWIyMjYtZjZkYzhlYWJkOGIyXkEyXkFqcGdeQXVyMTMxMTY0OTQ@._V1_SX300.jpg"},{"Title":"The New Adventures of Pippi Longstocking","Year":"1988","Rated":"G","Released":"29 Jul 1988","Runtime":"100 min","Genre":["Adventure","Family","Fantasy","Musical"],"Director":["Ken Annakin"],"Writer":["Astrid Lindgren","Ken Annakin"],"Actors":["Tami Erin","David Seaman","Cory Crow","Eileen Brennan"],"Plot":"After her father's ship is carried off by a sudden storm, the spunky Pippi Longstocking is stranded with her horse, Alfonso, and monkey, Mr. Nilsson, and takes up residence in the old ...","Awards":"3 nominations.","Poster":"https://m.media-amazon.com/images/M/MV5BYzJmOTQ2N2ItMDYyMS00NGNhLWI5MGEtOWM2MGUwZDZjNzczXkEyXkFqcGdeQXVyNzc5MjA3OA@@._V1_SX300.jpg"},{"Title":"The White Stripes Under Great White Northern Lights","Year":"2009","Rated":"Unrated","Released":"05 Aug 2010","Runtime":"93 min","Genre":["Documentary","Music"],"Director":["Emmett Malloy"],"Writer":["N/A"],"Actors":["Alex Debogorski","Maria Durham","Jack White","Meg White"],"Plot":"In 2007 the legendary American duo White Stripes toured Canada. Besides playing the usual venues they challenged themselves and played in buses, cafés and for Indian tribal elders. Music ...","Awards":"3 nominations.","Poster":"https://m.media-amazon.com/images/M/MV5BMTY4NTY1NTI3M15BMl5BanBnXkFtZTcwMjU2MzgwMw@@._V1_SX300.jpg"},{"Title":"Her Alibi","Year":"1989","Rated":"PG","Released":"03 Feb 1989","Runtime":"94 min","Genre":["Comedy","Crime","Mystery","Romance"],"Director":["Bruce Beresford"],"Writer":["Charlie Peters"],"Actors":["Tom Selleck","Paulina Porizkova","William Daniels","James Farentino"],"Plot":"Phil has writer's block after 30 detective novels. In court for inspiration, he sees a cute Romanian murder suspect. He provides her alibi. She stays with him. Will he live to write another novel?","Awards":"1 nomination.","Poster":"https://m.media-amazon.com/images/M/MV5BOTljODUxMDUtYzY5OC00ZDNhLWEwMTItZWYxMGQ3MGZhNzFjXkEyXkFqcGdeQXVyNDkzNTM2ODg@._V1_SX300.jpg"},{"Title":"Herbie Rides Again","Year":"1974","Rated":"G","Released":"06 Jun 1974","Runtime":"88 min","Genre":["Comedy","Family","Fantasy","Romance"],"Director":["Robert Stevenson"],"Writer":["Bill Walsh","Gordon Buford"],"Actors":["Helen Hayes","Ken Berry","Stefanie Powers","John McIntire"],"Plot":"The living Volkswagen Beetle helps an old lady protect her home from a corrupt developer.","Awards":"N/A","Poster":"https://m.media-amazon.com/images/M/MV5BZjU1Mjc4YjUtZjVjOC00NTdjLTg2NWItMTQ1NTExODdhNTk1L2ltYWdlL2ltYWdlXkEyXkFqcGdeQXVyNzc5MjA3OA@@._V1_SX300.jpg"},{"Title":"The Red Violin","Year":"1998","Rated":"R","Released":"11 Jun 1999","Runtime":"130 min","Genre":["Drama","Music","Mystery","Romance"],"Director":["François Girard"],"Writer":["Don McKellar","François Girard"],"Actors":["Carlo Cecchi","Irene Grazioli","Anita Laurenzi","Tommaso Puntelli"],"Plot":"A red-colored violin inspires passion, making its way through three centuries over several owners and countries, eventually ending up at an auction where it may find a new owner.","Awards":"Won 1 Oscar. Another 19 wins & 19 nominations.","Poster":"https://m.media-amazon.com/images/M/MV5BYmZiMGI1ZWQtM2ZiOS00YWQ0LWEwYzMtODhhYTMwMzM5MjU4XkEyXkFqcGdeQXVyMTA0MjU0Ng@@._V1_SX300.jpg"},{"Title":"I Vitelloni","Year":"1953","Rated":"Not Rated","Released":"07 Nov 1956","Runtime":"104 min","Genre":["Comedy","Drama"],"Director":["Federico Fellini"],"Writer":["Federico Fellini","Ennio Flaiano","Tullio Pinelli"],"Actors":["Franco Interlenghi","Alberto Sordi","Franco Fabrizi","Leopoldo Trieste"],"Plot":"A character study of five young men at crucial turning points in their lives in a small town in Italy.","Awards":"Nominated for 1 Oscar. Another 4 wins & 2 nominations.","Poster":"https://m.media-amazon.com/images/M/MV5BMjlkZDQwNjYtYjM3ZS00YTQyLTkwYTItNTJhYjA2NWJhMDVlL2ltYWdlL2ltYWdlXkEyXkFqcGdeQXVyNjc1NTYyMjg@._V1_SX300.jpg"},{"Title":"The Dead Pool","Year":"1988","Rated":"R","Released":"13 Jul 1988","Runtime":"91 min","Genre":["Action","Crime","Mystery","Thriller"],"Director":["Buddy Van Horn"],"Writer":["Harry Julian Fink","Rita M. Fink","Steve Sharon","Durk Pearson","Sandy Shaw"],"Actors":["Clint Eastwood","Patricia Clarkson","Liam Neeson","Evan C. Kim"],"Plot":"Inspector \"Dirty\" Harry Callahan must stop a sick secret contest to murder local celebrities, which includes himself as a target.","Awards":"N/A","Poster":"https://m.media-amazon.com/images/M/MV5BMjFiZjVmY2QtMjk4Ni00OWIxLTg4ZDItZWMxMGJlZmUzNWYzXkEyXkFqcGdeQXVyMjUzOTY1NTc@._V1_SX300.jpg"},{"Title":"Black Moon","Year":"1975","Rated":"R","Released":"24 Sep 1975","Runtime":"95 min","Genre":["Fantasy","Horror","Mystery","Sci-Fi"],"Director":["Louis Malle"],"Writer":["Louis Malle","Joyce Buñuel"],"Actors":["Cathryn Harrison","Therese Giehse","Alexandra Stewart","Joe Dallesandro"],"Plot":"To escape a gender war, a girl flees to a remote farmhouse and becomes part of an extensive family's unusual, perhaps even supernatural, lifestyle.","Awards":"2 wins.","Poster":"https://m.media-amazon.com/images/M/MV5BYTY0NWJlZTYtMjljZS00NzE4LWFmYzQtYjdmNmY2Mzc0MTJiXkEyXkFqcGdeQXVyNTAyODkwOQ@@._V1_SX300.jpg"},{"Title":"Youth in Revolt","Year":"2009","Rated":"R","Released":"08 Jan 2010","Runtime":"90 min","Genre":["Comedy","Drama","Romance"],"Director":["Miguel Arteta"],"Writer":["Gustin Nash","C.D. Payne"],"Actors":["Michael Cera","Portia Doubleday","Jean Smart","Zach Galifianakis"],"Plot":"While his trailer trash parents teeter on the edge of divorce, Nick Twisp sets his sights on dream girl Sheeni Saunders, hoping that she'll be the one to take away his virginity.","Awards":"1 win & 1 nomination.","Poster":"https://m.media-amazon.com/images/M/MV5BMjE3NTkxODUwOV5BMl5BanBnXkFtZTcwMjE4NjI5Mg@@._V1_SX300.jpg"},{"Title":"Doc Hollywood","Year":"1991","Rated":"PG-13","Released":"02 Aug 1991","Runtime":"104 min","Genre":["Comedy","Drama","Romance"],"Director":["Michael Caton-Jones"],"Writer":["Neil B. Shulman","Laurian Leggett","Jeffrey Price","Peter S. Seaman","Daniel Pyne"],"Actors":["Michael J. Fox","Julie Warner","Barnard Hughes","Woody Harrelson"],"Plot":"A young doctor on his way across the country to a job interview crashes his car in a small town and is sentenced to work for several days at the town hospital.","Awards":"N/A","Poster":"https://m.media-amazon.com/images/M/MV5BNTcwMjZlZTgtM2VlMC00MDZkLWIzODQtMDRhZjE0N2QzMTgwXkEyXkFqcGdeQXVyMjY3MjUzNDk@._V1_SX300.jpg"},{"Title":"The Out-of-Towners","Year":"1999","Rated":"PG-13","Released":"02 Apr 1999","Runtime":"90 min","Genre":["Comedy"],"Director":["Sam Weisman"],"Writer":["Neil Simon","Marc Lawrence"],"Actors":["Steve Martin","Goldie Hawn","John Cleese","Mark McKinney"],"Plot":"The remake of the 1970 Neil Simon comedy follows the adventures of married couple Henry and Nancy Clark as they are vexed by misfortune while in New York City for a job interview.","Awards":"1 win.","Poster":"https://m.media-amazon.com/images/M/MV5BYjJhOWM3YzMtMzE4Ny00YWE4LWFjZGItYjZkYmRlYTVlMmE5L2ltYWdlL2ltYWdlXkEyXkFqcGdeQXVyMTQxNzMzNDI@._V1_SX300.jpg"},{"Title":"Henry Poole Is Here","Year":"2008","Rated":"PG","Released":"15 Aug 2008","Runtime":"99 min","Genre":["Comedy","Drama"],"Director":["Mark Pellington"],"Writer":["Albert Torres"],"Actors":["Luke Wilson","Radha Mitchell","Adriana Barraza","George Lopez"],"Plot":"Henry Poole moves in to a house in his old neighborhood, to spend what he believes are his remaining days alone. The discovery of a \"miracle\" by a nosy neighbor ruptures his solitude and restores his faith in life.","Awards":"1 win & 1 nomination.","Poster":"https://m.media-amazon.com/images/M/MV5BMTI5ODIwNzg0NV5BMl5BanBnXkFtZTcwOTE0NDY3MQ@@._V1_SX300.jpg"},{"Title":"Linda Linda Linda","Year":"2005","Rated":"TV-PG","Released":"23 Jul 2005","Runtime":"114 min","Genre":["Comedy","Drama","Music"],"Director":["Nobuhiro Yamashita"],"Writer":["Kôsuke Mukai","Wakako Miyashita","Nobuhiro Yamashita"],"Actors":["Doona Bae","Aki Maeda","Yû Kashii","Shiori Sekine"],"Plot":"A music group of girls need to learn to play a song before the school festival.","Awards":"1 win & 4 nominations.","Poster":"https://m.media-amazon.com/images/M/MV5BMTMxMTkyNDM4NF5BMl5BanBnXkFtZTcwOTI3MDg0MQ@@._V1_SX300.jpg"},{"Title":"The Danish Girl","Year":"2015","Rated":"R","Released":"22 Jan 2016","Runtime":"119 min","Genre":["Biography","Drama","Romance"],"Director":["Tom Hooper"],"Writer":["Lucinda Coxon","David Ebershoff"],"Actors":["Alicia Vikander","Eddie Redmayne","Tusse Silberg","Adrian Schiller"],"Plot":"A fictitious love story loosely inspired by the lives of Danish artists Lili Elbe and Gerda Wegener. Lili and Gerda's marriage and work evolve as they navigate Lili's groundbreaking journey as a transgender pioneer.","Awards":"Won 1 Oscar. Another 31 wins & 76 nominations.","Poster":"https://m.media-amazon.com/images/M/MV5BMjA0NjA4NjE2Nl5BMl5BanBnXkFtZTgwNzIxNTY2NjE@._V1_SX300.jpg"},{"Title":"Little Women","Year":"1933","Rated":"Not Rated","Released":"24 Nov 1933","Runtime":"115 min","Genre":["Drama","Family","Romance"],"Director":["George Cukor"],"Writer":["Louisa May Alcott","Sarah Y. Mason","Victor Heerman"],"Actors":["Katharine Hepburn","Joan Bennett","Paul Lukas","Edna May Oliver"],"Plot":"A chronicle of the lives of a group of sisters growing up in nineteenth-century America.","Awards":"Won 1 Oscar. Another 3 wins & 3 nominations.","Poster":"https://m.media-amazon.com/images/M/MV5BZGVmNzc3ODYtYjJlYy00YmQ4LWE3NWQtZTlhYWRjYjI1MTg1XkEyXkFqcGdeQXVyMDI2NDg0NQ@@._V1_SX300.jpg"},{"Title":"Vampires","Year":"1998","Rated":"R","Released":"30 Oct 1998","Runtime":"108 min","Genre":["Action","Horror","Thriller"],"Director":["John Carpenter"],"Writer":["John Steakley","Don Jakoby"],"Actors":["James Woods","Daniel Baldwin","Sheryl Lee","Thomas Ian Griffith"],"Plot":"Recovering from an ambush that killed his entire team, a vengeful vampire slayer must retrieve an ancient Catholic relic that, should it be acquired by vampires, will allow them to walk in sunlight.","Awards":"7 wins & 6 nominations.","Poster":"https://m.media-amazon.com/images/M/MV5BMTlmYzc0YmEtNDQ3ZS00ZmFjLTkxMmEtZDY5NGVmOWQ0MzQwXkEyXkFqcGdeQXVyMTQxNzMzNDI@._V1_SX300.jpg"},{"Title":"The Effect of Gamma Rays on Man-in-the-Moon Marigolds","Year":"1972","Rated":"PG","Released":"30 May 1973","Runtime":"100 min","Genre":["Drama"],"Director":["Paul Newman"],"Writer":["Paul Zindel","Alvin Sargent"],"Actors":["Joanne Woodward","Nell Potts","Roberta Wallach","Judith Lowry"],"Plot":"From the Pullizer Prize winning play by Paul Zindel, this is the story of Beatrice Hunsdorfer and her daughters, Ruth and Matilda. A middle-aged widowed eccentric, Beatrice is looking for ...","Awards":"Nominated for 1 Golden Globe. Another 4 wins & 2 nominations.","Poster":"https://m.media-amazon.com/images/M/MV5BMzkxMDQ4MTQxMl5BMl5BanBnXkFtZTgwMDY0MTM0MDE@._V1_SX300.jpg"},{"Title":"Bye Bye Love","Year":"1995","Rated":"PG-13","Released":"17 Mar 1995","Runtime":"106 min","Genre":["Comedy"],"Director":["Sam Weisman"],"Writer":["Gary David Goldberg","Brad Hall"],"Actors":["Matthew Modine","Randy Quaid","Paul Reiser","Janeane Garofalo"],"Plot":"A story about the family breakup of three divorced men. The film presented their perspective and it reveals their relationship with their children, ex-wives, girl friends, male friendships, and their identities as divorced men.","Awards":"1 nomination.","Poster":"https://m.media-amazon.com/images/M/MV5BMjMxY2Y4YjEtYTQ2MC00ZjM2LTg0MDYtNmUyOTczMjdmMTlhXkEyXkFqcGdeQXVyMTQxNzMzNDI@._V1_SX300.jpg"},{"Title":"The Maze Runner","Year":"2014","Rated":"PG-13","Released":"19 Sep 2014","Runtime":"113 min","Genre":["Action","Mystery","Sci-Fi","Thriller"],"Director":["Wes Ball"],"Writer":["Noah Oppenheim","Grant Pierce Myers","T.S. Nowlin","James Dashner"],"Actors":["Dylan O'Brien","Aml Ameen","Ki Hong Lee","Blake Cooper"],"Plot":"Thomas is deposited in a community of boys after his memory is erased, soon learning they're all trapped in a maze that will require him to join forces with fellow \"runners\" for a shot at escape.","Awards":"4 wins & 11 nominations.","Poster":"https://m.media-amazon.com/images/M/MV5BMjUyNTA3MTAyM15BMl5BanBnXkFtZTgwOTEyMTkyMjE@._V1_SX300.jpg"},{"Title":"Batman: Under the Red Hood","Year":"2010","Rated":"PG-13","Released":"27 Jul 2010","Runtime":"75 min","Genre":["Animation","Action","Crime","Drama","Sci-Fi","Thriller"],"Director":["Brandon Vietti"],"Writer":["Judd Winick","Bob Kane"],"Actors":["Bruce Greenwood","Jensen Ackles","John DiMaggio","Neil Patrick Harris"],"Plot":"There's a mystery afoot in Gotham City, and Batman must go toe-to-toe with a mysterious vigilante, who goes by the name of Red Hood. Subsequently, old wounds reopen and old, once buried memories come into the light.","Awards":"1 nomination.","Poster":"https://m.media-amazon.com/images/M/MV5BNmY4ZDZjY2UtOWFiYy00MjhjLThmMjctOTQ2NjYxZGRjYmNlL2ltYWdlL2ltYWdlXkEyXkFqcGdeQXVyNTAyODkwOQ@@._V1_SX300.jpg"},{"Title":"The Taking of Pelham One Two Three","Year":"1974","Rated":"R","Released":"14 Nov 1974","Runtime":"104 min","Genre":["Action","Crime","Thriller"],"Director":["Joseph Sargent"],"Writer":["John Godey","Peter Stone"],"Actors":["Walter Matthau","Robert Shaw","Martin Balsam","Hector Elizondo"],"Plot":"In New York, armed men hijack a subway car and demand a ransom for the passengers. Even if it's paid, how could they get away?","Awards":"Nominated for 1 BAFTA Film Award. Another 2 nominations.","Poster":"https://m.media-amazon.com/images/M/MV5BMjE1NDY0NDk3Ml5BMl5BanBnXkFtZTcwMTAzMTM3NA@@._V1_SX300.jpg"},{"Title":"Snow Falling on Cedars","Year":"1999","Rated":"PG-13","Released":"07 Jan 2000","Runtime":"127 min","Genre":["Drama","Mystery","Romance","Thriller"],"Director":["Scott Hicks"],"Writer":["David Guterson","Ronald Bass","Scott Hicks"],"Actors":["Ethan Hawke","Yûki Kudô","Reeve Carney","Anne Suzuki"],"Plot":"A Japanese-American fisherman is accused of killing his neighbor at sea. In the 1950s, race figures into the trial. So does reporter Ishmael.","Awards":"Nominated for 1 Oscar. Another 5 wins & 9 nominations.","Poster":"https://m.media-amazon.com/images/M/MV5BYWYzN2I5NWItYTdmNS00ZWNmLWI0MWItMTJhN2FjMjY3MDQ1XkEyXkFqcGdeQXVyMTQxNzMzNDI@._V1_SX300.jpg"},{"Title":"Vernon, Florida","Year":"1981","Rated":"Not Rated","Released":"08 Oct 1981","Runtime":"55 min","Genre":["Documentary","Comedy"],"Director":["Errol Morris"],"Writer":["N/A"],"Actors":["Albert Bitterling","Roscoe Collins","George Harris","Joe Payne"],"Plot":"A documentary on the eccentric residents of Vernon, Florida.","Awards":"N/A","Poster":"https://m.media-amazon.com/images/M/MV5BMTUxMzQwNDQ1OF5BMl5BanBnXkFtZTcwODE5OTgyMQ@@._V1_SX300.jpg"},{"Title":"Camp","Year":"2003","Rated":"PG-13","Released":"29 Aug 2003","Runtime":"114 min","Genre":["Comedy","Musical","Drama"],"Director":["Todd Graff"],"Writer":["Todd Graff"],"Actors":["Daniel Letterle","Joanna Chilcoat","Robin de Jesus","Steven Cutts"],"Plot":"After a series of Broadway flops, songwriter Bert Hanley (Dixon) goes to work at a musical camp for young performers. Inspired by the kids, he finds an opportunity to regain success by staging an altogether new production.","Awards":"6 nominations.","Poster":"https://m.media-amazon.com/images/M/MV5BMTIwNDYwMjk0N15BMl5BanBnXkFtZTcwMjY5MjAwMQ@@._V1_SX300.jpg"},{"Title":"Easter Parade","Year":"1948","Rated":"Approved","Released":"08 Jul 1948","Runtime":"103 min","Genre":["Musical","Romance"],"Director":["Charles Walters"],"Writer":["Sidney Sheldon","Frances Goodrich","Albert Hackett"],"Actors":["Judy Garland","Fred Astaire","Peter Lawford","Ann Miller"],"Plot":"A nightclub performer hires a naive chorus girl to become his new dance partner to make his former partner jealous and to prove he can make any partner a star.","Awards":"Won 1 Oscar. Another 1 win.","Poster":"https://m.media-amazon.com/images/M/MV5BNTFkOTMwMzctYmZiZS00ODRjLTgxOWUtYjUzYjJlOWFjNjBiXkEyXkFqcGdeQXVyMDI2NDg0NQ@@._V1_SX300.jpg"},{"Title":"A Million Ways to Die in the West","Year":"2014","Rated":"R","Released":"30 May 2014","Runtime":"116 min","Genre":["Comedy","Western"],"Director":["Seth MacFarlane"],"Writer":["Seth MacFarlane","Alec Sulkin","Wellesley Wild"],"Actors":["Seth MacFarlane","Charlize Theron","Amanda Seyfried","Liam Neeson"],"Plot":"As a cowardly farmer begins to fall for the mysterious new woman in town, he must put his newly found courage to the test when her husband, a notorious gun-slinger, announces his arrival.","Awards":"6 nominations.","Poster":"https://m.media-amazon.com/images/M/MV5BMTQ0NDcyNjg0MV5BMl5BanBnXkFtZTgwMzk4NTA4MTE@._V1_SX300.jpg"},{"Title":"Schneider vs. Bax","Year":"2015","Rated":"Not Rated","Released":"28 May 2015","Runtime":"96 min","Genre":["Comedy","Thriller"],"Director":["Alex van Warmerdam"],"Writer":["Alex van Warmerdam"],"Actors":["Tom Dewispelaere","Alex van Warmerdam","Maria Kraakman","Gene Bervoets"],"Plot":"On his birthday, a hitman reluctantly takes on the easy task of killing a writer, only to find the job a lot more difficult than expected.","Awards":"1 win & 18 nominations.","Poster":"https://m.media-amazon.com/images/M/MV5BMzIyNDI5MDM1N15BMl5BanBnXkFtZTgwMjM0ODk1NTE@._V1_SX300.jpg"},{"Title":"Paranormal Activity","Year":"2007","Rated":"R","Released":"16 Oct 2009","Runtime":"86 min","Genre":["Horror","Mystery","Thriller"],"Director":["Oren Peli"],"Writer":["Oren Peli"],"Actors":["Katie Featherston","Micah Sloat","Mark Fredrichs","Amber Armstrong"],"Plot":"After moving into a suburban home, a couple becomes increasingly disturbed by a nightly demonic presence.","Awards":"3 wins & 12 nominations.","Poster":"https://m.media-amazon.com/images/M/MV5BMjY1NjcxODQ4MV5BMl5BanBnXkFtZTcwMzUxNjM4Mg@@._V1_SX300.jpg"},{"Title":"The Champ","Year":"1979","Rated":"PG","Released":"04 Apr 1979","Runtime":"121 min","Genre":["Drama","Sport"],"Director":["Franco Zeffirelli"],"Writer":["Frances Marion","Walter Newman"],"Actors":["Jon Voight","Faye Dunaway","Ricky Schroder","Jack Warden"],"Plot":"A former boxer discovers that his biggest battle of all is going to be with his ex-wife, Annie, who returns after abandoning their young son seven years prior.","Awards":"Nominated for 1 Oscar. Another 2 wins & 6 nominations.","Poster":"https://m.media-amazon.com/images/M/MV5BZDdmMGNiOGQtOWQzNC00ZDZjLWIxM2ItZTBlNGEwMzM1MGVjXkEyXkFqcGdeQXVyNjc1NTYyMjg@._V1_SX300.jpg"},{"Title":"Class","Year":"1983","Rated":"R","Released":"22 Jul 1983","Runtime":"98 min","Genre":["Comedy","Drama","Romance"],"Director":["Lewis John Carlino"],"Writer":["Jim Kouf","David Greenwalt"],"Actors":["Jacqueline Bisset","Rob Lowe","Andrew McCarthy","Cliff Robertson"],"Plot":"A young man in private school spends one crazy night out, but soon realizes the woman he hooked up with is not who he expected.","Awards":"N/A","Poster":"https://m.media-amazon.com/images/M/MV5BMTcwOTAxNTgyOV5BMl5BanBnXkFtZTcwMTY2NjEzNA@@._V1_SX300.jpg"},{"Title":"Dead Poets Society","Year":"1989","Rated":"PG","Released":"09 Jun 1989","Runtime":"128 min","Genre":["Comedy","Drama"],"Director":["Peter Weir"],"Writer":["Tom Schulman"],"Actors":["Robin Williams","Robert Sean Leonard","Ethan Hawke","Josh Charles"],"Plot":"Maverick teacher John Keating uses poetry to embolden his boarding school students to new heights of self-expression.","Awards":"Won 1 Oscar. Another 19 wins & 18 nominations.","Poster":"https://m.media-amazon.com/images/M/MV5BOGYwYWNjMzgtNGU4ZC00NWQ2LWEwZjUtMzE1Zjc3NjY3YTU1XkEyXkFqcGdeQXVyMTQxNzMzNDI@._V1_SX300.jpg"},{"Title":"The Magnificent Ambersons","Year":"1942","Rated":"Not Rated","Released":"10 Jul 1942","Runtime":"88 min","Genre":["Drama","Romance"],"Director":["Orson Welles","Fred Fleck","Robert Wise"],"Writer":["Booth Tarkington","Orson Welles"],"Actors":["Joseph Cotten","Dolores Costello","Anne Baxter","Tim Holt"],"Plot":"The spoiled young heir to the decaying Amberson fortune comes between his widowed mother and the man she has always loved.","Awards":"Nominated for 4 Oscars. Another 4 wins.","Poster":"https://m.media-amazon.com/images/M/MV5BOTQ4Y2I5MzYtNDJkZS00YTFmLWJkODctMmU3YzQ3ZDhkMWE5XkEyXkFqcGdeQXVyNjc1NTYyMjg@._V1_SX300.jpg"},{"Title":"Teaching Mrs. Tingle","Year":"1999","Rated":"PG-13","Released":"20 Aug 1999","Runtime":"96 min","Genre":["Comedy","Thriller"],"Director":["Kevin Williamson"],"Writer":["Kevin Williamson"],"Actors":["Helen Mirren","Katie Holmes","Jeffrey Tambor","Barry Watson"],"Plot":"The story of a girl who is willing to do anything to become Valedictorian, even if it means murdering the teacher that stands in her way.","Awards":"4 nominations.","Poster":"https://m.media-amazon.com/images/M/MV5BMWM5NjE5ZjEtMTZjMC00NWRjLWE1NDctMzM1MjJhZjUwZjQ1L2ltYWdlL2ltYWdlXkEyXkFqcGdeQXVyMTQxNzMzNDI@._V1_SX300.jpg"},{"Title":"An American Tail: Fievel Goes West","Year":"1991","Rated":"G","Released":"22 Nov 1991","Runtime":"75 min","Genre":["Animation","Adventure","Family","Musical","Western"],"Director":["Phil Nibbelink","Simon Wells"],"Writer":["Flint Dille","Charles Swenson","David Kirschner"],"Actors":["Phillip Glasser","James Stewart","Erica Yohn","Cathy Cavadini"],"Plot":"A family of Emigre mice decide to move out to the West, unaware that they are falling into a trap perpetrated by a smooth-talking cat.","Awards":"N/A","Poster":"https://m.media-amazon.com/images/M/MV5BZmUyOTE4YmItN2E0Zi00M2ViLWIxMTctMmZhMDRhMDZhOWZlXkEyXkFqcGdeQXVyNjExODE1MDc@._V1_SX300.jpg"},{"Title":"Brake","Year":"2012","Rated":"R","Released":"17 May 2012","Runtime":"92 min","Genre":["Thriller"],"Director":["Gabe Torres"],"Writer":["Timothy Mannion"],"Actors":["Stephen Dorff","Chyler Leigh","JR Bourne","Tom Berenger"],"Plot":"A Secret Service Agent is held captive in the trunk of a car and endures mental and physical torture as terrorists attempt to extract information for their plot against the President of the United States.","Awards":"N/A","Poster":"https://m.media-amazon.com/images/M/MV5BMTU3NzEzNDA3OF5BMl5BanBnXkFtZTcwNDQ1MTkyNw@@._V1_SX300.jpg"},{"Title":"Killer Elite","Year":"2011","Rated":"R","Released":"23 Sep 2011","Runtime":"116 min","Genre":["Action","Thriller"],"Director":["Gary McKendry"],"Writer":["Matt Sherring","Ranulph Fiennes"],"Actors":["Jason Statham","Clive Owen","Robert De Niro","Dominic Purcell"],"Plot":"When his mentor is taken captive by a disgraced Arab sheik, a killer-for-hire is forced into action. His mission: kill three members of Britain's elite Special Air Service responsible for the death of his sons.","Awards":"2 wins & 8 nominations.","Poster":"https://m.media-amazon.com/images/M/MV5BMTc4MDAxMjAzNV5BMl5BanBnXkFtZTcwNTY3ODg3NQ@@._V1_SX300.jpg"},{"Title":"Tucker: The Man and His Dream","Year":"1988","Rated":"PG","Released":"12 Aug 1988","Runtime":"110 min","Genre":["Biography","Drama"],"Director":["Francis Ford Coppola"],"Writer":["Arnold Schulman","David Seidler"],"Actors":["Jeff Bridges","Joan Allen","Martin Landau","Frederic Forrest"],"Plot":"The story of Preston Tucker, the maverick car designer and his ill-fated challenge to the auto industry with his revolutionary car concept.","Awards":"Nominated for 3 Oscars. Another 8 wins & 6 nominations.","Poster":"https://m.media-amazon.com/images/M/MV5BNjIxODE5ZDktZmUxOS00N2IyLWI5MWMtNWFkZjEyMGU3NTM4L2ltYWdlL2ltYWdlXkEyXkFqcGdeQXVyNjc1NTYyMjg@._V1_SX300.jpg"},{"Title":"Ned Kelly","Year":"2003","Rated":"R","Released":"26 Mar 2004","Runtime":"110 min","Genre":["Action","Adventure","Biography","Crime","History","Romance","Western"],"Director":["Gregor Jordan"],"Writer":["Robert Drewe","John Michael McDonagh"],"Actors":["Heath Ledger","Orlando Bloom","Geoffrey Rush","Naomi Watts"],"Plot":"An innocent man becomes one of the most wanted criminals the world has ever known.","Awards":"3 wins & 14 nominations.","Poster":"https://m.media-amazon.com/images/M/MV5BYmVjYzRkYjItODlmZS00OTEzLTliZjItYjMwOGRmMzhmY2RmXkEyXkFqcGdeQXVyNTAyODkwOQ@@._V1_SX300.jpg"},{"Title":"Imaginary Heroes","Year":"2004","Rated":"R","Released":"10 Nov 2005","Runtime":"111 min","Genre":["Comedy","Drama"],"Director":["Dan Harris"],"Writer":["Dan Harris"],"Actors":["Sigourney Weaver","Emile Hirsch","Jeff Daniels","Michelle Williams"],"Plot":"The Travis family façade is destroyed by an event incomprehensible to them -- an event which will open locked doors and finally reveal the secrets that have haunted them for decades.","Awards":"1 win & 2 nominations.","Poster":"https://m.media-amazon.com/images/M/MV5BMTcyNjY5ODYzMF5BMl5BanBnXkFtZTYwMDg2MjY2._V1_SX300.jpg"},{"Title":"Havana","Year":"1990","Rated":"R","Released":"14 Dec 1990","Runtime":"144 min","Genre":["Drama","Romance","War"],"Director":["Sydney Pollack"],"Writer":["Judith Rascoe","David Rayfiel"],"Actors":["Robert Redford","Lena Olin","Alan Arkin","Tomas Milian"],"Plot":"In 1950s Cuba, a professional gambler falls for a woman heavily involved in the revolution movement.","Awards":"Nominated for 1 Oscar. Another 2 nominations.","Poster":"https://m.media-amazon.com/images/M/MV5BZjdmMWNlNmYtOWZkYi00ZGMxLWI2MGUtMDM5OWE5NTc4ZTE4XkEyXkFqcGdeQXVyNjUwNzk3NDc@._V1_SX300.jpg"},{"Title":"Coach Carter","Year":"2005","Rated":"PG-13","Released":"14 Jan 2005","Runtime":"136 min","Genre":["Biography","Drama","Sport"],"Director":["Thomas Carter"],"Writer":["Mark Schwahn","John Gatins"],"Actors":["Samuel L. Jackson","Rob Brown","Robert Ri'chard","Rick Gonzalez"],"Plot":"Controversy surrounds high school basketball coach Ken Carter after he benches his entire team for breaking their academic contract with him.","Awards":"3 wins & 15 nominations.","Poster":"https://m.media-amazon.com/images/M/MV5BNWYxZWFiNTItN2FkNS00ZDJmLWE1MWItYjMyMTgyOTI4MmQ4XkEyXkFqcGdeQXVyMTQxNzMzNDI@._V1_SX300.jpg"},{"Title":"Kung Fu Panda: Secrets of the Furious Five","Year":"2008","Rated":"TV-PG","Released":"09 Nov 2008","Runtime":"25 min","Genre":["Animation","Short","Action","Comedy","Family"],"Director":["Raman Hui"],"Writer":["Paul McEvoy","Todd Berger","Jed Diffenderfer"],"Actors":["Jack Black","Dustin Hoffman","Will Shadley","Eamon Pirruccello"],"Plot":"Ordered to teach a martial arts class of rambunctious bunny kittens, Po tells stories of each of the Furious Five's pasts.","Awards":"4 wins & 4 nominations.","Poster":"https://m.media-amazon.com/images/M/MV5BMjQwMWNmYWUtY2E5NS00OTlkLWI2Y2MtNzhjZDUyYmZhZDVjXkEyXkFqcGdeQXVyNjc2MjYzMTY@._V1_SX300.jpg"},{"Title":"Waxwork","Year":"1988","Rated":"R","Released":"17 Jun 1988","Runtime":"95 min","Genre":["Comedy","Horror"],"Director":["Anthony Hickox"],"Writer":["Anthony Hickox"],"Actors":["Zach Galligan","Jennifer Bassey","Joe Baker","Deborah Foreman"],"Plot":"A wax museum owner uses his horror exhibits to unleash evil on the world.","Awards":"2 wins & 4 nominations.","Poster":"https://m.media-amazon.com/images/M/MV5BNGFmYmRmOTgtYjJiZi00MjhkLTk1MGEtZWIwNjQxODQxNmYyXkEyXkFqcGdeQXVyMTQxNzMzNDI@._V1_SX300.jpg"},{"Title":"True Grit","Year":"1969","Rated":"G","Released":"21 Jun 1969","Runtime":"128 min","Genre":["Adventure","Drama","Western"],"Director":["Henry Hathaway"],"Writer":["Charles Portis","Marguerite Roberts"],"Actors":["John Wayne","Glen Campbell","Kim Darby","Jeremy Slate"],"Plot":"A drunken, hard-nosed U.S. Marshal and a Texas Ranger help a stubborn teenager track down her father's murderer in Indian Territory.","Awards":"Won 1 Oscar. Another 5 wins & 7 nominations.","Poster":"https://m.media-amazon.com/images/M/MV5BMjEwNzRlMzUtODIwMS00N2IwLWE1ZTgtODYzNWY0MGJhODY3XkEyXkFqcGdeQXVyMjI4MjA5MzA@._V1_SX300.jpg"},{"Title":"Man on the Moon","Year":"1999","Rated":"R","Released":"22 Dec 1999","Runtime":"118 min","Genre":["Biography","Comedy","Drama"],"Director":["Milos Forman"],"Writer":["Scott Alexander","Larry Karaszewski"],"Actors":["Jim Carrey","Gerry Becker","Greyson Erik Pendry","Brittany Colonna"],"Plot":"The life and career of legendary comedian Andy Kaufman.","Awards":"Won 1 Golden Globe. Another 4 wins & 24 nominations.","Poster":"https://m.media-amazon.com/images/M/MV5BNDI1Mjc3MzAtZDk0OS00OTZlLTlhZjktNzA3ODgwZGY2NWIwXkEyXkFqcGdeQXVyMTQxNzMzNDI@._V1_SX300.jpg"},{"Title":"The Onion Movie","Year":"2008","Rated":"Not Rated","Released":"07 Jan 2008","Runtime":"86 min","Genre":["Comedy"],"Director":["Tom Kuntz","Mike Maguire"],"Writer":["Todd Hanson","Robert Siegel"],"Actors":["Daniel Chacón","Ken Takemoto","Steven Seagal","Don McManus"],"Plot":"Satirical interpretations of world events and curious human behavior.","Awards":"N/A","Poster":"https://m.media-amazon.com/images/M/MV5BMzQyNjcyMjUwOV5BMl5BanBnXkFtZTgwMTgxMDA2MDE@._V1_SX300.jpg"},{"Title":"Werner - Beinhart!","Year":"1990","Rated":"N/A","Released":"29 Nov 1990","Runtime":"93 min","Genre":["Action","Animation","Comedy"],"Director":["Gerhard Hahn","Niki List","Michael Schaack"],"Writer":["Rötger Feldmann","Ernst Kahl"],"Actors":["Klaus Büchner","Rötger Feldmann","Andi Feldmann","Kulle Westphal"],"Plot":"Broesel has to make a Werner animation film but right now he has no real ideas for new stories. Thus he simply draws some stories from Werner's youth.","Awards":"1 win.","Poster":"https://m.media-amazon.com/images/M/MV5BMTUzODY1MDg2OF5BMl5BanBnXkFtZTcwODczMTEyMQ@@._V1_SX300.jpg"},{"Title":"Gray Matters","Year":"2006","Rated":"PG-13","Released":"13 Jul 2007","Runtime":"96 min","Genre":["Comedy","Romance"],"Director":["Sue Kramer"],"Writer":["Sue Kramer"],"Actors":["Heather Graham","Bridget Moynahan","Tom Cavanagh","Molly Shannon"],"Plot":"They finish each other's sentences, dance like Fred and Ginger, and share the same downtown loft--the perfect couple? Not exactly. Gray and Sam, are a sister and brother so compatible and inseparable that people actually assume they are dating. Mortified, they both agree they must branch out and start searching for love. He'll look for a guy for her and she'll look for a gal for him.","Awards":"N/A","Poster":"https://m.media-amazon.com/images/M/MV5BMTI1NjU0OTgxMF5BMl5BanBnXkFtZTYwNDA2MzY2._V1_SX300.jpg"},{"Title":"The Ballad of Cable Hogue","Year":"1970","Rated":"R","Released":"18 Mar 1970","Runtime":"121 min","Genre":["Comedy","Drama","Romance","Western"],"Director":["Sam Peckinpah"],"Writer":["John Crawford","Edmund Penney"],"Actors":["Jason Robards","Stella Stevens","David Warner","Strother Martin"],"Plot":"A hobo accidentally stumbles onto a water spring, and creates a profitable way station in the middle of the desert.","Awards":"1 win & 1 nomination.","Poster":"https://m.media-amazon.com/images/M/MV5BMTQwMjkwNjE0Ml5BMl5BanBnXkFtZTgwOTU5ODIyMTE@._V1_SX300.jpg"},{"Title":"Niagara","Year":"1953","Rated":"Not Rated","Released":"01 Feb 1953","Runtime":"92 min","Genre":["Film-Noir","Thriller"],"Director":["Henry Hathaway"],"Writer":["Charles Brackett","Walter Reisch","Richard L. Breen"],"Actors":["Marilyn Monroe","Joseph Cotten","Jean Peters","Max Showalter"],"Plot":"As two couples are visiting Niagara Falls, tensions between one wife and her husband reach the level of murder.","Awards":"N/A","Poster":"https://m.media-amazon.com/images/M/MV5BMDBhNWE4Y2UtMTA5Mi00YzYyLTliMWMtMjc3OGU0ZWFiMGVhL2ltYWdlL2ltYWdlXkEyXkFqcGdeQXVyNjc1NTYyMjg@._V1_SX300.jpg"}]